index	count	r1_barcode
115	33076	TTTGGGAG
22	120545	TTTATCAC
197	1325	TTTACCCT
13	112179	TTTAACAG
205	1214	TTGTTTAC
70	6502	TTGTGACT
77	14565	TTGTCGCC
96	7172	TTGGCGTT
207	63	TTGGATCG
161	10535	TTGGACTT
170	27646	TTGCATAT
130	20786	TTCGGCCT
128	7544	TTCCAGAC
209	5	TTATAGCC
38	29660	TTAGTCCG
165	4660	TTAGGACC
92	21867	TGTTTGAG
26	11239	TGTTCCAG
101	6337	TGTGTCCT
127	5770	TGTGCTCA
162	14756	TGTAGTTT
193	3105	TGTACACG
85	30096	TGTAAAGG
156	9462	TGGGTCAA
173	6515	TGGCTACC
151	12451	TGGAGGAG
139	4187	TGCTATTT
29	6497	TGCGACAG
32	37118	TGCCTCAC
145	5022	TGCCATCG
160	7819	TGATGCCC
169	6007	TGATAACA
137	33609	TGACGGAC
98	6599	TCTCACTT
195	5832	TCTCAACC
74	18065	TCTAGCAG
46	4707	TCGGTTCG
27	31132	TCGGTACG
203	2342	TCGACACC
15	25072	TCGAAGCT
167	641	TCCTTATT
180	9136	TCCTAGAA
177	3509	TCCGTCCA
133	11344	TCCCTGAT
45	41151	TCCCGTAG
198	1390	TCATCCTT
56	23128	TCACGTTT
158	15412	TCACCGAG
147	7688	TATTGCCT
61	11858	TAGTGTTT
67	8553	TAGTGGAC
142	6518	TAGTCTAG
148	25776	TAGTCGCA
94	8801	TAGCTTAT
166	11389	TAGCCTCG
194	4133	TAGAGCAA
18	28769	TACCGGCA
30	11501	TACAGCCG
178	1191	TACAAACT
176	3410	TAACTACT
125	18491	GTTTGTTT
48	11936	GTTGTCAT
187	15765	GTTGCACG
7	19278	GTTCTGTT
192	5964	GTTCTAAA
186	7124	GTTCAACT
88	26737	GTTACGAT
33	111221	GTTAACCA
204	369	GTGTAACC
54	15557	GTGGAGCT
91	8686	GTCTCCAA
159	11521	GTCCGTAC
28	1803	GTCATATT
107	9346	GTCAATAC
102	23842	GTCAAAGA
150	7480	GTAATCCC
0	1549	GTAACGTT
108	22495	GGTGGGAT
153	14596	GGTCTGAC
41	6116	GGTCCCTT
78	77557	GGTCATAA
121	27615	GGTCACAG
143	5240	GGGTGTAT
120	13114	GGGAACCT
68	104383	GGCTCGAA
175	8573	GGCGTTAG
146	7300	GGCGGTTT
6	34365	GGACCCAA
114	44295	GCTTTCCA
168	13073	GCTTACCT
119	8368	GCCTCTTT
9	27703	GCCGGATT
135	7632	GCCAAGAT
34	8351	GCAGCTAA
109	14782	GCAAGGAC
132	5062	GCAAAGCC
171	8902	GATTTACC
12	14477	GATTAGAC
117	16888	GATGTGAG
20	21666	GATGTATT
112	5961	GATCGTTT
75	13896	GAGTTTCG
179	4369	GAGTTCAC
51	28680	GAGCCCAT
99	21662	GAGAGTAT
82	12850	GACAACTT
73	11264	GACAAAGG
188	4597	GAATGCAA
72	16933	GAAGTGCC
134	10984	GAAGGCTT
206	248	GAAGCACT
83	50098	GAACGATT
66	8518	GAAAGACC
185	1644	CTTTCTTT
190	2828	CTTCTTCG
14	37915	CTTCGATT
79	84022	CTTACTCC
164	7781	CTGTTCTT
106	12929	CTGGTGCA
25	33803	CTGGCAAA
64	8603	CTCTTGAC
44	5401	CTCCGCAT
123	7548	CTATAGAG
95	23779	CTAGACCC
49	4165	CTACCGTT
47	29628	CGTGCTAG
31	104097	CGTCAGCA
104	18432	CGGGCTTT
40	14718	CGGCTTAC
122	46352	CGGCACAT
124	36183	CGGAATTT
52	81911	CGCTCTCA
97	17503	CGCGAGAA
16	18441	CGATTGAT
1	107502	CGATATAA
172	2054	CGACTCCT
10	103466	CGACGTCA
191	3343	CCTGTTAT
157	16414	CCTATTCA
71	13382	CCTACTAG
103	34720	CCGTGTTT
62	4128	CCGCTGTT
59	25044	CCGCACAA
184	7247	CCGCAACT
199	2928	CCCTTCAG
183	1403	CCCTAACC
129	19672	CCCGACTT
36	41376	CCCAAGCA
181	4653	CCATTACT
35	142764	CCAGTGAA
200	2413	CATTTGTT
63	33380	CATCTCCC
141	10268	CATCGCAG
53	2013	CAGTCCCT
81	8093	CAGATTAC
19	135579	CAGACCAT
136	22392	CACGGACT
174	1329	CACAGTTT
24	86640	CACAACAG
202	2201	CAATACTT
86	11089	CAAGTCAT
2	36790	ATTGGGCC
100	17819	ATTGCTAA
11	30317	ATTCGACG
21	148768	ATGGGCAC
116	10681	ATGCGGAT
4	34141	ATGCCAAA
118	8553	ATGACTTT
163	10656	ATGAAGCA
3	56592	ATCCCACG
17	12624	ATATGCAT
131	3329	ATATACCT
126	26825	ATAGGGAA
84	13184	ATACTCTT
90	17401	ATACCCAG
55	48997	ATAACGAA
201	1049	AGGCAGTT
208	8	AGGCAACG
43	46487	AGGATTCA
144	7129	AGGAGCTT
42	43412	AGGAAGAC
93	3785	AGCGCGAT
111	12585	AGCGCCTT
57	27157	AGCGAACA
8	29753	AGACACCA
60	34029	ACTGAGTT
105	25707	ACTCACCG
76	14257	ACTAGGAT
196	2568	ACTAGCCA
154	14807	ACGTATAC
113	33896	ACGCTCAG
65	29669	ACGCAGAG
155	17492	ACGAAACG
110	246	ACCTTGCC
37	7119	ACCTTCTT
80	16768	ACCTGAAA
5	11498	ACCCATAT
140	14643	ACATCTAT
50	29834	AATTCCCA
69	25308	AATGACCC
149	13661	AAGCGTAC
23	64854	AACGTTAA
89	27476	AACCTGAC
39	31394	AACACACG
182	6156	AACAATCC
138	17769	AAATGTCG
189	3958	AAATCGTT
87	23487	AAATCAGA
58	21965	AAACGCCT
152	6148	AAACCTCC
